{"CNN": {"0": {"precision": 0.1667488899851998, "recall": 0.1558321807284463, "f1-score": 0.16110581506196378, "support": 2169.0}, "1": {"precision": 0.2777777777777778, "recall": 0.22872192958136955, "f1-score": 0.25087425878059905, "support": 3607.0}, "2": {"precision": 0.4752532561505065, "recall": 0.537040065412919, "f1-score": 0.5042610364683301, "support": 6115.0}, "3": {"precision": 0.0695322376738306, "recall": 0.06815365551425032, "f1-score": 0.0688360450563204, "support": 807.0}, "accuracy": 0.35454402268073715, "macro avg": {"precision": 0.24732804039682865, "recall": 0.2474369578092463, "f1-score": 0.24626928884180332, "support": 12698.0}, "weighted avg": {"precision": 0.34067640289695006, "recall": 0.35454402268073715, "f1-score": 0.34599534498781764, "support": 12698.0}}, "VGG16": {"0": {"precision": 0.16170690623245368, "recall": 0.13278008298755187, "f1-score": 0.1458227848101266, "support": 2169.0}, "1": {"precision": 0.282312925170068, "recall": 0.2991405600221791, "f1-score": 0.2904832413514605, "support": 3607.0}, "2": {"precision": 0.4754616536350025, "recall": 0.46737530662305804, "f1-score": 0.47138380339765795, "support": 6115.0}, "3": {"precision": 0.05996309963099631, "recall": 0.080545229244114, "f1-score": 0.06874669487043893, "support": 807.0}, "accuracy": 0.3378484800756025, "macro avg": {"precision": 0.24486114616713012, "recall": 0.24496029471922576, "f1-score": 0.244109131107421, "support": 12698.0}, "weighted avg": {"precision": 0.3405956240421233, "recall": 0.3378484800756025, "f1-score": 0.33879770139746457, "support": 12698.0}}, "VGG19": {"0": {"precision": 0.18394077448747154, "recall": 0.14891655140617796, "f1-score": 0.1645859872611465, "support": 2169.0}, "1": {"precision": 0.29972997299729975, "recall": 0.2769614638203493, "f1-score": 0.2878962536023055, "support": 3607.0}, "2": {"precision": 0.48381007695658484, "recall": 0.5448896156991005, "f1-score": 0.5125365328411013, "support": 6115.0}, "3": {"precision": 0.07063711911357341, "recall": 0.06319702602230483, "f1-score": 0.06671026814911707, "support": 807.0}, "accuracy": 0.37053079225074814, "macro avg": {"precision": 0.2595294858887324, "recall": 0.25849116423698315, "f1-score": 0.2579322604634176, "support": 12698.0}, "weighted avg": {"precision": 0.3540397171348839, "recall": 0.37053079225074814, "f1-score": 0.36095644021362533, "support": 12698.0}}}